nombre,correo,contrasena,cursoNombre
Alumno 1,alumno1@juego-02.school.test,Alumno123!,1ESO-1
Alumno 2,alumno2@juego-02.school.test,Alumno123!,1ESO-1
Alumno 3,alumno3@juego-02.school.test,Alumno123!,1ESO-1
Alumno 4,alumno4@juego-02.school.test,Alumno123!,1ESO-1
Alumno 5,alumno5@juego-02.school.test,Alumno123!,1ESO-1
Alumno 6,alumno6@juego-02.school.test,Alumno123!,1ESO-1
Alumno 7,alumno7@juego-02.school.test,Alumno123!,1ESO-1
Alumno 8,alumno8@juego-02.school.test,Alumno123!,1ESO-1
Alumno 9,alumno9@juego-02.school.test,Alumno123!,1ESO-1
Alumno 10,alumno10@juego-02.school.test,Alumno123!,1ESO-1
Alumno 11,alumno11@juego-02.school.test,Alumno123!,1ESO-1
Alumno 12,alumno12@juego-02.school.test,Alumno123!,1ESO-1
Alumno 13,alumno13@juego-02.school.test,Alumno123!,1ESO-1
Alumno 14,alumno14@juego-02.school.test,Alumno123!,1ESO-1
Alumno 15,alumno15@juego-02.school.test,Alumno123!,1ESO-1
Alumno 16,alumno16@juego-02.school.test,Alumno123!,1ESO-1
Alumno 17,alumno17@juego-02.school.test,Alumno123!,1ESO-1
Alumno 18,alumno18@juego-02.school.test,Alumno123!,1ESO-1
Alumno 19,alumno19@juego-02.school.test,Alumno123!,1ESO-1
Alumno 20,alumno20@juego-02.school.test,Alumno123!,1ESO-1
Alumno 21,alumno21@juego-02.school.test,Alumno123!,1ESO-1
Alumno 22,alumno22@juego-02.school.test,Alumno123!,1ESO-1
Alumno 23,alumno23@juego-02.school.test,Alumno123!,1ESO-1
Alumno 24,alumno24@juego-02.school.test,Alumno123!,1ESO-1
Alumno 25,alumno25@juego-02.school.test,Alumno123!,1ESO-1
Alumno 26,alumno26@juego-02.school.test,Alumno123!,1ESO-1
Alumno 27,alumno27@juego-02.school.test,Alumno123!,1ESO-1
Alumno 28,alumno28@juego-02.school.test,Alumno123!,1ESO-1
Alumno 29,alumno29@juego-02.school.test,Alumno123!,1ESO-1
Alumno 30,alumno30@juego-02.school.test,Alumno123!,1ESO-1
Alumno 31,alumno31@juego-02.school.test,Alumno123!,1ESO-2
Alumno 32,alumno32@juego-02.school.test,Alumno123!,1ESO-2
Alumno 33,alumno33@juego-02.school.test,Alumno123!,1ESO-2
Alumno 34,alumno34@juego-02.school.test,Alumno123!,1ESO-2
Alumno 35,alumno35@juego-02.school.test,Alumno123!,1ESO-2
Alumno 36,alumno36@juego-02.school.test,Alumno123!,1ESO-2
Alumno 37,alumno37@juego-02.school.test,Alumno123!,1ESO-2
Alumno 38,alumno38@juego-02.school.test,Alumno123!,1ESO-2
Alumno 39,alumno39@juego-02.school.test,Alumno123!,1ESO-2
Alumno 40,alumno40@juego-02.school.test,Alumno123!,1ESO-2
Alumno 41,alumno41@juego-02.school.test,Alumno123!,1ESO-2
Alumno 42,alumno42@juego-02.school.test,Alumno123!,1ESO-2
Alumno 43,alumno43@juego-02.school.test,Alumno123!,1ESO-2
Alumno 44,alumno44@juego-02.school.test,Alumno123!,1ESO-2
Alumno 45,alumno45@juego-02.school.test,Alumno123!,1ESO-2
Alumno 46,alumno46@juego-02.school.test,Alumno123!,1ESO-2
Alumno 47,alumno47@juego-02.school.test,Alumno123!,1ESO-2
Alumno 48,alumno48@juego-02.school.test,Alumno123!,1ESO-2
Alumno 49,alumno49@juego-02.school.test,Alumno123!,1ESO-2
Alumno 50,alumno50@juego-02.school.test,Alumno123!,1ESO-2
Alumno 51,alumno51@juego-02.school.test,Alumno123!,1ESO-2
Alumno 52,alumno52@juego-02.school.test,Alumno123!,1ESO-2
Alumno 53,alumno53@juego-02.school.test,Alumno123!,1ESO-2
Alumno 54,alumno54@juego-02.school.test,Alumno123!,1ESO-2
Alumno 55,alumno55@juego-02.school.test,Alumno123!,1ESO-2
Alumno 56,alumno56@juego-02.school.test,Alumno123!,1ESO-2
Alumno 57,alumno57@juego-02.school.test,Alumno123!,1ESO-2
Alumno 58,alumno58@juego-02.school.test,Alumno123!,1ESO-2
Alumno 59,alumno59@juego-02.school.test,Alumno123!,1ESO-2
Alumno 60,alumno60@juego-02.school.test,Alumno123!,1ESO-2
Alumno 61,alumno61@juego-02.school.test,Alumno123!,1ESO-3
Alumno 62,alumno62@juego-02.school.test,Alumno123!,1ESO-3
Alumno 63,alumno63@juego-02.school.test,Alumno123!,1ESO-3
Alumno 64,alumno64@juego-02.school.test,Alumno123!,1ESO-3
Alumno 65,alumno65@juego-02.school.test,Alumno123!,1ESO-3
Alumno 66,alumno66@juego-02.school.test,Alumno123!,1ESO-3
Alumno 67,alumno67@juego-02.school.test,Alumno123!,1ESO-3
Alumno 68,alumno68@juego-02.school.test,Alumno123!,1ESO-3
Alumno 69,alumno69@juego-02.school.test,Alumno123!,1ESO-3
Alumno 70,alumno70@juego-02.school.test,Alumno123!,1ESO-3
Alumno 71,alumno71@juego-02.school.test,Alumno123!,1ESO-3
Alumno 72,alumno72@juego-02.school.test,Alumno123!,1ESO-3
Alumno 73,alumno73@juego-02.school.test,Alumno123!,1ESO-3
Alumno 74,alumno74@juego-02.school.test,Alumno123!,1ESO-3
Alumno 75,alumno75@juego-02.school.test,Alumno123!,1ESO-3
Alumno 76,alumno76@juego-02.school.test,Alumno123!,1ESO-3
Alumno 77,alumno77@juego-02.school.test,Alumno123!,1ESO-3
Alumno 78,alumno78@juego-02.school.test,Alumno123!,1ESO-3
Alumno 79,alumno79@juego-02.school.test,Alumno123!,1ESO-3
Alumno 80,alumno80@juego-02.school.test,Alumno123!,1ESO-3
Alumno 81,alumno81@juego-02.school.test,Alumno123!,1ESO-3
Alumno 82,alumno82@juego-02.school.test,Alumno123!,1ESO-3
Alumno 83,alumno83@juego-02.school.test,Alumno123!,1ESO-3
Alumno 84,alumno84@juego-02.school.test,Alumno123!,1ESO-3
Alumno 85,alumno85@juego-02.school.test,Alumno123!,1ESO-3
Alumno 86,alumno86@juego-02.school.test,Alumno123!,1ESO-3
Alumno 87,alumno87@juego-02.school.test,Alumno123!,1ESO-3
Alumno 88,alumno88@juego-02.school.test,Alumno123!,1ESO-3
Alumno 89,alumno89@juego-02.school.test,Alumno123!,1ESO-3
Alumno 90,alumno90@juego-02.school.test,Alumno123!,1ESO-3
Alumno 91,alumno91@juego-02.school.test,Alumno123!,1ESO-4
Alumno 92,alumno92@juego-02.school.test,Alumno123!,1ESO-4
Alumno 93,alumno93@juego-02.school.test,Alumno123!,1ESO-4
Alumno 94,alumno94@juego-02.school.test,Alumno123!,1ESO-4
Alumno 95,alumno95@juego-02.school.test,Alumno123!,1ESO-4
Alumno 96,alumno96@juego-02.school.test,Alumno123!,1ESO-4
Alumno 97,alumno97@juego-02.school.test,Alumno123!,1ESO-4
Alumno 98,alumno98@juego-02.school.test,Alumno123!,1ESO-4
Alumno 99,alumno99@juego-02.school.test,Alumno123!,1ESO-4
Alumno 100,alumno100@juego-02.school.test,Alumno123!,1ESO-4
Alumno 101,alumno101@juego-02.school.test,Alumno123!,1ESO-4
Alumno 102,alumno102@juego-02.school.test,Alumno123!,1ESO-4
Alumno 103,alumno103@juego-02.school.test,Alumno123!,1ESO-4
Alumno 104,alumno104@juego-02.school.test,Alumno123!,1ESO-4
Alumno 105,alumno105@juego-02.school.test,Alumno123!,1ESO-4
Alumno 106,alumno106@juego-02.school.test,Alumno123!,1ESO-4
Alumno 107,alumno107@juego-02.school.test,Alumno123!,1ESO-4
Alumno 108,alumno108@juego-02.school.test,Alumno123!,1ESO-4
Alumno 109,alumno109@juego-02.school.test,Alumno123!,1ESO-4
Alumno 110,alumno110@juego-02.school.test,Alumno123!,1ESO-4
Alumno 111,alumno111@juego-02.school.test,Alumno123!,1ESO-4
Alumno 112,alumno112@juego-02.school.test,Alumno123!,1ESO-4
Alumno 113,alumno113@juego-02.school.test,Alumno123!,1ESO-4
Alumno 114,alumno114@juego-02.school.test,Alumno123!,1ESO-4
Alumno 115,alumno115@juego-02.school.test,Alumno123!,1ESO-4
Alumno 116,alumno116@juego-02.school.test,Alumno123!,1ESO-4
Alumno 117,alumno117@juego-02.school.test,Alumno123!,1ESO-4
Alumno 118,alumno118@juego-02.school.test,Alumno123!,1ESO-4
Alumno 119,alumno119@juego-02.school.test,Alumno123!,1ESO-4
Alumno 120,alumno120@juego-02.school.test,Alumno123!,1ESO-4
Alumno 121,alumno121@juego-02.school.test,Alumno123!,2ESO-1
Alumno 122,alumno122@juego-02.school.test,Alumno123!,2ESO-1
Alumno 123,alumno123@juego-02.school.test,Alumno123!,2ESO-1
Alumno 124,alumno124@juego-02.school.test,Alumno123!,2ESO-1
Alumno 125,alumno125@juego-02.school.test,Alumno123!,2ESO-1
Alumno 126,alumno126@juego-02.school.test,Alumno123!,2ESO-1
Alumno 127,alumno127@juego-02.school.test,Alumno123!,2ESO-1
Alumno 128,alumno128@juego-02.school.test,Alumno123!,2ESO-1
Alumno 129,alumno129@juego-02.school.test,Alumno123!,2ESO-1
Alumno 130,alumno130@juego-02.school.test,Alumno123!,2ESO-1
Alumno 131,alumno131@juego-02.school.test,Alumno123!,2ESO-1
Alumno 132,alumno132@juego-02.school.test,Alumno123!,2ESO-1
Alumno 133,alumno133@juego-02.school.test,Alumno123!,2ESO-1
Alumno 134,alumno134@juego-02.school.test,Alumno123!,2ESO-1
Alumno 135,alumno135@juego-02.school.test,Alumno123!,2ESO-1
Alumno 136,alumno136@juego-02.school.test,Alumno123!,2ESO-1
Alumno 137,alumno137@juego-02.school.test,Alumno123!,2ESO-1
Alumno 138,alumno138@juego-02.school.test,Alumno123!,2ESO-1
Alumno 139,alumno139@juego-02.school.test,Alumno123!,2ESO-1
Alumno 140,alumno140@juego-02.school.test,Alumno123!,2ESO-1
Alumno 141,alumno141@juego-02.school.test,Alumno123!,2ESO-1
Alumno 142,alumno142@juego-02.school.test,Alumno123!,2ESO-1
Alumno 143,alumno143@juego-02.school.test,Alumno123!,2ESO-1
Alumno 144,alumno144@juego-02.school.test,Alumno123!,2ESO-1
Alumno 145,alumno145@juego-02.school.test,Alumno123!,2ESO-1
Alumno 146,alumno146@juego-02.school.test,Alumno123!,2ESO-1
Alumno 147,alumno147@juego-02.school.test,Alumno123!,2ESO-1
Alumno 148,alumno148@juego-02.school.test,Alumno123!,2ESO-1
Alumno 149,alumno149@juego-02.school.test,Alumno123!,2ESO-1
Alumno 150,alumno150@juego-02.school.test,Alumno123!,2ESO-1
Alumno 151,alumno151@juego-02.school.test,Alumno123!,2ESO-2
Alumno 152,alumno152@juego-02.school.test,Alumno123!,2ESO-2
Alumno 153,alumno153@juego-02.school.test,Alumno123!,2ESO-2
Alumno 154,alumno154@juego-02.school.test,Alumno123!,2ESO-2
Alumno 155,alumno155@juego-02.school.test,Alumno123!,2ESO-2
Alumno 156,alumno156@juego-02.school.test,Alumno123!,2ESO-2
Alumno 157,alumno157@juego-02.school.test,Alumno123!,2ESO-2
Alumno 158,alumno158@juego-02.school.test,Alumno123!,2ESO-2
Alumno 159,alumno159@juego-02.school.test,Alumno123!,2ESO-2
Alumno 160,alumno160@juego-02.school.test,Alumno123!,2ESO-2
Alumno 161,alumno161@juego-02.school.test,Alumno123!,2ESO-2
Alumno 162,alumno162@juego-02.school.test,Alumno123!,2ESO-2
Alumno 163,alumno163@juego-02.school.test,Alumno123!,2ESO-2
Alumno 164,alumno164@juego-02.school.test,Alumno123!,2ESO-2
Alumno 165,alumno165@juego-02.school.test,Alumno123!,2ESO-2
Alumno 166,alumno166@juego-02.school.test,Alumno123!,2ESO-2
Alumno 167,alumno167@juego-02.school.test,Alumno123!,2ESO-2
Alumno 168,alumno168@juego-02.school.test,Alumno123!,2ESO-2
Alumno 169,alumno169@juego-02.school.test,Alumno123!,2ESO-2
Alumno 170,alumno170@juego-02.school.test,Alumno123!,2ESO-2
Alumno 171,alumno171@juego-02.school.test,Alumno123!,2ESO-2
Alumno 172,alumno172@juego-02.school.test,Alumno123!,2ESO-2
Alumno 173,alumno173@juego-02.school.test,Alumno123!,2ESO-2
Alumno 174,alumno174@juego-02.school.test,Alumno123!,2ESO-2
Alumno 175,alumno175@juego-02.school.test,Alumno123!,2ESO-2
Alumno 176,alumno176@juego-02.school.test,Alumno123!,2ESO-2
Alumno 177,alumno177@juego-02.school.test,Alumno123!,2ESO-2
Alumno 178,alumno178@juego-02.school.test,Alumno123!,2ESO-2
Alumno 179,alumno179@juego-02.school.test,Alumno123!,2ESO-2
Alumno 180,alumno180@juego-02.school.test,Alumno123!,2ESO-2
Alumno 181,alumno181@juego-02.school.test,Alumno123!,2ESO-3
Alumno 182,alumno182@juego-02.school.test,Alumno123!,2ESO-3
Alumno 183,alumno183@juego-02.school.test,Alumno123!,2ESO-3
Alumno 184,alumno184@juego-02.school.test,Alumno123!,2ESO-3
Alumno 185,alumno185@juego-02.school.test,Alumno123!,2ESO-3
Alumno 186,alumno186@juego-02.school.test,Alumno123!,2ESO-3
Alumno 187,alumno187@juego-02.school.test,Alumno123!,2ESO-3
Alumno 188,alumno188@juego-02.school.test,Alumno123!,2ESO-3
Alumno 189,alumno189@juego-02.school.test,Alumno123!,2ESO-3
Alumno 190,alumno190@juego-02.school.test,Alumno123!,2ESO-3
Alumno 191,alumno191@juego-02.school.test,Alumno123!,2ESO-3
Alumno 192,alumno192@juego-02.school.test,Alumno123!,2ESO-3
Alumno 193,alumno193@juego-02.school.test,Alumno123!,2ESO-3
Alumno 194,alumno194@juego-02.school.test,Alumno123!,2ESO-3
Alumno 195,alumno195@juego-02.school.test,Alumno123!,2ESO-3
Alumno 196,alumno196@juego-02.school.test,Alumno123!,2ESO-3
Alumno 197,alumno197@juego-02.school.test,Alumno123!,2ESO-3
Alumno 198,alumno198@juego-02.school.test,Alumno123!,2ESO-3
Alumno 199,alumno199@juego-02.school.test,Alumno123!,2ESO-3
Alumno 200,alumno200@juego-02.school.test,Alumno123!,2ESO-3
Alumno 201,alumno201@juego-02.school.test,Alumno123!,2ESO-3
Alumno 202,alumno202@juego-02.school.test,Alumno123!,2ESO-3
Alumno 203,alumno203@juego-02.school.test,Alumno123!,2ESO-3
Alumno 204,alumno204@juego-02.school.test,Alumno123!,2ESO-3
Alumno 205,alumno205@juego-02.school.test,Alumno123!,2ESO-3
Alumno 206,alumno206@juego-02.school.test,Alumno123!,2ESO-3
Alumno 207,alumno207@juego-02.school.test,Alumno123!,2ESO-3
Alumno 208,alumno208@juego-02.school.test,Alumno123!,2ESO-3
Alumno 209,alumno209@juego-02.school.test,Alumno123!,2ESO-3
Alumno 210,alumno210@juego-02.school.test,Alumno123!,2ESO-3
Alumno 211,alumno211@juego-02.school.test,Alumno123!,2ESO-4
Alumno 212,alumno212@juego-02.school.test,Alumno123!,2ESO-4
Alumno 213,alumno213@juego-02.school.test,Alumno123!,2ESO-4
Alumno 214,alumno214@juego-02.school.test,Alumno123!,2ESO-4
Alumno 215,alumno215@juego-02.school.test,Alumno123!,2ESO-4
Alumno 216,alumno216@juego-02.school.test,Alumno123!,2ESO-4
Alumno 217,alumno217@juego-02.school.test,Alumno123!,2ESO-4
Alumno 218,alumno218@juego-02.school.test,Alumno123!,2ESO-4
Alumno 219,alumno219@juego-02.school.test,Alumno123!,2ESO-4
Alumno 220,alumno220@juego-02.school.test,Alumno123!,2ESO-4
Alumno 221,alumno221@juego-02.school.test,Alumno123!,2ESO-4
Alumno 222,alumno222@juego-02.school.test,Alumno123!,2ESO-4
Alumno 223,alumno223@juego-02.school.test,Alumno123!,2ESO-4
Alumno 224,alumno224@juego-02.school.test,Alumno123!,2ESO-4
Alumno 225,alumno225@juego-02.school.test,Alumno123!,2ESO-4
Alumno 226,alumno226@juego-02.school.test,Alumno123!,2ESO-4
Alumno 227,alumno227@juego-02.school.test,Alumno123!,2ESO-4
Alumno 228,alumno228@juego-02.school.test,Alumno123!,2ESO-4
Alumno 229,alumno229@juego-02.school.test,Alumno123!,2ESO-4
Alumno 230,alumno230@juego-02.school.test,Alumno123!,2ESO-4
Alumno 231,alumno231@juego-02.school.test,Alumno123!,2ESO-4
Alumno 232,alumno232@juego-02.school.test,Alumno123!,2ESO-4
Alumno 233,alumno233@juego-02.school.test,Alumno123!,2ESO-4
Alumno 234,alumno234@juego-02.school.test,Alumno123!,2ESO-4
Alumno 235,alumno235@juego-02.school.test,Alumno123!,2ESO-4
Alumno 236,alumno236@juego-02.school.test,Alumno123!,2ESO-4
Alumno 237,alumno237@juego-02.school.test,Alumno123!,2ESO-4
Alumno 238,alumno238@juego-02.school.test,Alumno123!,2ESO-4
Alumno 239,alumno239@juego-02.school.test,Alumno123!,2ESO-4
Alumno 240,alumno240@juego-02.school.test,Alumno123!,2ESO-4
Alumno 241,alumno241@juego-02.school.test,Alumno123!,3ESO-1
Alumno 242,alumno242@juego-02.school.test,Alumno123!,3ESO-1
Alumno 243,alumno243@juego-02.school.test,Alumno123!,3ESO-1
Alumno 244,alumno244@juego-02.school.test,Alumno123!,3ESO-1
Alumno 245,alumno245@juego-02.school.test,Alumno123!,3ESO-1
Alumno 246,alumno246@juego-02.school.test,Alumno123!,3ESO-1
Alumno 247,alumno247@juego-02.school.test,Alumno123!,3ESO-1
Alumno 248,alumno248@juego-02.school.test,Alumno123!,3ESO-1
Alumno 249,alumno249@juego-02.school.test,Alumno123!,3ESO-1
Alumno 250,alumno250@juego-02.school.test,Alumno123!,3ESO-1
Alumno 251,alumno251@juego-02.school.test,Alumno123!,3ESO-1
Alumno 252,alumno252@juego-02.school.test,Alumno123!,3ESO-1
Alumno 253,alumno253@juego-02.school.test,Alumno123!,3ESO-1
Alumno 254,alumno254@juego-02.school.test,Alumno123!,3ESO-1
Alumno 255,alumno255@juego-02.school.test,Alumno123!,3ESO-1
Alumno 256,alumno256@juego-02.school.test,Alumno123!,3ESO-1
Alumno 257,alumno257@juego-02.school.test,Alumno123!,3ESO-1
Alumno 258,alumno258@juego-02.school.test,Alumno123!,3ESO-1
Alumno 259,alumno259@juego-02.school.test,Alumno123!,3ESO-1
Alumno 260,alumno260@juego-02.school.test,Alumno123!,3ESO-1
Alumno 261,alumno261@juego-02.school.test,Alumno123!,3ESO-1
Alumno 262,alumno262@juego-02.school.test,Alumno123!,3ESO-1
Alumno 263,alumno263@juego-02.school.test,Alumno123!,3ESO-1
Alumno 264,alumno264@juego-02.school.test,Alumno123!,3ESO-1
Alumno 265,alumno265@juego-02.school.test,Alumno123!,3ESO-1
Alumno 266,alumno266@juego-02.school.test,Alumno123!,3ESO-1
Alumno 267,alumno267@juego-02.school.test,Alumno123!,3ESO-1
Alumno 268,alumno268@juego-02.school.test,Alumno123!,3ESO-1
Alumno 269,alumno269@juego-02.school.test,Alumno123!,3ESO-1
Alumno 270,alumno270@juego-02.school.test,Alumno123!,3ESO-1
Alumno 271,alumno271@juego-02.school.test,Alumno123!,3ESO-2
Alumno 272,alumno272@juego-02.school.test,Alumno123!,3ESO-2
Alumno 273,alumno273@juego-02.school.test,Alumno123!,3ESO-2
Alumno 274,alumno274@juego-02.school.test,Alumno123!,3ESO-2
Alumno 275,alumno275@juego-02.school.test,Alumno123!,3ESO-2
Alumno 276,alumno276@juego-02.school.test,Alumno123!,3ESO-2
Alumno 277,alumno277@juego-02.school.test,Alumno123!,3ESO-2
Alumno 278,alumno278@juego-02.school.test,Alumno123!,3ESO-2
Alumno 279,alumno279@juego-02.school.test,Alumno123!,3ESO-2
Alumno 280,alumno280@juego-02.school.test,Alumno123!,3ESO-2
Alumno 281,alumno281@juego-02.school.test,Alumno123!,3ESO-2
Alumno 282,alumno282@juego-02.school.test,Alumno123!,3ESO-2
Alumno 283,alumno283@juego-02.school.test,Alumno123!,3ESO-2
Alumno 284,alumno284@juego-02.school.test,Alumno123!,3ESO-2
Alumno 285,alumno285@juego-02.school.test,Alumno123!,3ESO-2
Alumno 286,alumno286@juego-02.school.test,Alumno123!,3ESO-2
Alumno 287,alumno287@juego-02.school.test,Alumno123!,3ESO-2
Alumno 288,alumno288@juego-02.school.test,Alumno123!,3ESO-2
Alumno 289,alumno289@juego-02.school.test,Alumno123!,3ESO-2
Alumno 290,alumno290@juego-02.school.test,Alumno123!,3ESO-2
Alumno 291,alumno291@juego-02.school.test,Alumno123!,3ESO-2
Alumno 292,alumno292@juego-02.school.test,Alumno123!,3ESO-2
Alumno 293,alumno293@juego-02.school.test,Alumno123!,3ESO-2
Alumno 294,alumno294@juego-02.school.test,Alumno123!,3ESO-2
Alumno 295,alumno295@juego-02.school.test,Alumno123!,3ESO-2
Alumno 296,alumno296@juego-02.school.test,Alumno123!,3ESO-2
Alumno 297,alumno297@juego-02.school.test,Alumno123!,3ESO-2
Alumno 298,alumno298@juego-02.school.test,Alumno123!,3ESO-2
Alumno 299,alumno299@juego-02.school.test,Alumno123!,3ESO-2
Alumno 300,alumno300@juego-02.school.test,Alumno123!,3ESO-2
Alumno 301,alumno301@juego-02.school.test,Alumno123!,3ESO-3
Alumno 302,alumno302@juego-02.school.test,Alumno123!,3ESO-3
Alumno 303,alumno303@juego-02.school.test,Alumno123!,3ESO-3
Alumno 304,alumno304@juego-02.school.test,Alumno123!,3ESO-3
Alumno 305,alumno305@juego-02.school.test,Alumno123!,3ESO-3
Alumno 306,alumno306@juego-02.school.test,Alumno123!,3ESO-3
Alumno 307,alumno307@juego-02.school.test,Alumno123!,3ESO-3
Alumno 308,alumno308@juego-02.school.test,Alumno123!,3ESO-3
Alumno 309,alumno309@juego-02.school.test,Alumno123!,3ESO-3
Alumno 310,alumno310@juego-02.school.test,Alumno123!,3ESO-3
Alumno 311,alumno311@juego-02.school.test,Alumno123!,3ESO-3
Alumno 312,alumno312@juego-02.school.test,Alumno123!,3ESO-3
Alumno 313,alumno313@juego-02.school.test,Alumno123!,3ESO-3
Alumno 314,alumno314@juego-02.school.test,Alumno123!,3ESO-3
Alumno 315,alumno315@juego-02.school.test,Alumno123!,3ESO-3
Alumno 316,alumno316@juego-02.school.test,Alumno123!,3ESO-3
Alumno 317,alumno317@juego-02.school.test,Alumno123!,3ESO-3
Alumno 318,alumno318@juego-02.school.test,Alumno123!,3ESO-3
Alumno 319,alumno319@juego-02.school.test,Alumno123!,3ESO-3
Alumno 320,alumno320@juego-02.school.test,Alumno123!,3ESO-3
Alumno 321,alumno321@juego-02.school.test,Alumno123!,3ESO-3
Alumno 322,alumno322@juego-02.school.test,Alumno123!,3ESO-3
Alumno 323,alumno323@juego-02.school.test,Alumno123!,3ESO-3
Alumno 324,alumno324@juego-02.school.test,Alumno123!,3ESO-3
Alumno 325,alumno325@juego-02.school.test,Alumno123!,3ESO-3
Alumno 326,alumno326@juego-02.school.test,Alumno123!,3ESO-3
Alumno 327,alumno327@juego-02.school.test,Alumno123!,3ESO-3
Alumno 328,alumno328@juego-02.school.test,Alumno123!,3ESO-3
Alumno 329,alumno329@juego-02.school.test,Alumno123!,3ESO-3
Alumno 330,alumno330@juego-02.school.test,Alumno123!,3ESO-3
Alumno 331,alumno331@juego-02.school.test,Alumno123!,3ESO-4
Alumno 332,alumno332@juego-02.school.test,Alumno123!,3ESO-4
Alumno 333,alumno333@juego-02.school.test,Alumno123!,3ESO-4
Alumno 334,alumno334@juego-02.school.test,Alumno123!,3ESO-4
Alumno 335,alumno335@juego-02.school.test,Alumno123!,3ESO-4
Alumno 336,alumno336@juego-02.school.test,Alumno123!,3ESO-4
Alumno 337,alumno337@juego-02.school.test,Alumno123!,3ESO-4
Alumno 338,alumno338@juego-02.school.test,Alumno123!,3ESO-4
Alumno 339,alumno339@juego-02.school.test,Alumno123!,3ESO-4
Alumno 340,alumno340@juego-02.school.test,Alumno123!,3ESO-4
Alumno 341,alumno341@juego-02.school.test,Alumno123!,3ESO-4
Alumno 342,alumno342@juego-02.school.test,Alumno123!,3ESO-4
Alumno 343,alumno343@juego-02.school.test,Alumno123!,3ESO-4
Alumno 344,alumno344@juego-02.school.test,Alumno123!,3ESO-4
Alumno 345,alumno345@juego-02.school.test,Alumno123!,3ESO-4
Alumno 346,alumno346@juego-02.school.test,Alumno123!,3ESO-4
Alumno 347,alumno347@juego-02.school.test,Alumno123!,3ESO-4
Alumno 348,alumno348@juego-02.school.test,Alumno123!,3ESO-4
Alumno 349,alumno349@juego-02.school.test,Alumno123!,3ESO-4
Alumno 350,alumno350@juego-02.school.test,Alumno123!,3ESO-4
Alumno 351,alumno351@juego-02.school.test,Alumno123!,3ESO-4
Alumno 352,alumno352@juego-02.school.test,Alumno123!,3ESO-4
Alumno 353,alumno353@juego-02.school.test,Alumno123!,3ESO-4
Alumno 354,alumno354@juego-02.school.test,Alumno123!,3ESO-4
Alumno 355,alumno355@juego-02.school.test,Alumno123!,3ESO-4
Alumno 356,alumno356@juego-02.school.test,Alumno123!,3ESO-4
Alumno 357,alumno357@juego-02.school.test,Alumno123!,3ESO-4
Alumno 358,alumno358@juego-02.school.test,Alumno123!,3ESO-4
Alumno 359,alumno359@juego-02.school.test,Alumno123!,3ESO-4
Alumno 360,alumno360@juego-02.school.test,Alumno123!,3ESO-4
Alumno 361,alumno361@juego-02.school.test,Alumno123!,4ESO-1
Alumno 362,alumno362@juego-02.school.test,Alumno123!,4ESO-1
Alumno 363,alumno363@juego-02.school.test,Alumno123!,4ESO-1
Alumno 364,alumno364@juego-02.school.test,Alumno123!,4ESO-1
Alumno 365,alumno365@juego-02.school.test,Alumno123!,4ESO-1
Alumno 366,alumno366@juego-02.school.test,Alumno123!,4ESO-1
Alumno 367,alumno367@juego-02.school.test,Alumno123!,4ESO-1
Alumno 368,alumno368@juego-02.school.test,Alumno123!,4ESO-1
Alumno 369,alumno369@juego-02.school.test,Alumno123!,4ESO-1
Alumno 370,alumno370@juego-02.school.test,Alumno123!,4ESO-1
Alumno 371,alumno371@juego-02.school.test,Alumno123!,4ESO-1
Alumno 372,alumno372@juego-02.school.test,Alumno123!,4ESO-1
Alumno 373,alumno373@juego-02.school.test,Alumno123!,4ESO-1
Alumno 374,alumno374@juego-02.school.test,Alumno123!,4ESO-1
Alumno 375,alumno375@juego-02.school.test,Alumno123!,4ESO-1
Alumno 376,alumno376@juego-02.school.test,Alumno123!,4ESO-1
Alumno 377,alumno377@juego-02.school.test,Alumno123!,4ESO-1
Alumno 378,alumno378@juego-02.school.test,Alumno123!,4ESO-1
Alumno 379,alumno379@juego-02.school.test,Alumno123!,4ESO-1
Alumno 380,alumno380@juego-02.school.test,Alumno123!,4ESO-1
Alumno 381,alumno381@juego-02.school.test,Alumno123!,4ESO-1
Alumno 382,alumno382@juego-02.school.test,Alumno123!,4ESO-1
Alumno 383,alumno383@juego-02.school.test,Alumno123!,4ESO-1
Alumno 384,alumno384@juego-02.school.test,Alumno123!,4ESO-1
Alumno 385,alumno385@juego-02.school.test,Alumno123!,4ESO-1
Alumno 386,alumno386@juego-02.school.test,Alumno123!,4ESO-1
Alumno 387,alumno387@juego-02.school.test,Alumno123!,4ESO-1
Alumno 388,alumno388@juego-02.school.test,Alumno123!,4ESO-1
Alumno 389,alumno389@juego-02.school.test,Alumno123!,4ESO-1
Alumno 390,alumno390@juego-02.school.test,Alumno123!,4ESO-1
Alumno 391,alumno391@juego-02.school.test,Alumno123!,4ESO-2
Alumno 392,alumno392@juego-02.school.test,Alumno123!,4ESO-2
Alumno 393,alumno393@juego-02.school.test,Alumno123!,4ESO-2
Alumno 394,alumno394@juego-02.school.test,Alumno123!,4ESO-2
Alumno 395,alumno395@juego-02.school.test,Alumno123!,4ESO-2
Alumno 396,alumno396@juego-02.school.test,Alumno123!,4ESO-2
Alumno 397,alumno397@juego-02.school.test,Alumno123!,4ESO-2
Alumno 398,alumno398@juego-02.school.test,Alumno123!,4ESO-2
Alumno 399,alumno399@juego-02.school.test,Alumno123!,4ESO-2
Alumno 400,alumno400@juego-02.school.test,Alumno123!,4ESO-2
Alumno 401,alumno401@juego-02.school.test,Alumno123!,4ESO-2
Alumno 402,alumno402@juego-02.school.test,Alumno123!,4ESO-2
Alumno 403,alumno403@juego-02.school.test,Alumno123!,4ESO-2
Alumno 404,alumno404@juego-02.school.test,Alumno123!,4ESO-2
Alumno 405,alumno405@juego-02.school.test,Alumno123!,4ESO-2
Alumno 406,alumno406@juego-02.school.test,Alumno123!,4ESO-2
Alumno 407,alumno407@juego-02.school.test,Alumno123!,4ESO-2
Alumno 408,alumno408@juego-02.school.test,Alumno123!,4ESO-2
Alumno 409,alumno409@juego-02.school.test,Alumno123!,4ESO-2
Alumno 410,alumno410@juego-02.school.test,Alumno123!,4ESO-2
Alumno 411,alumno411@juego-02.school.test,Alumno123!,4ESO-2
Alumno 412,alumno412@juego-02.school.test,Alumno123!,4ESO-2
Alumno 413,alumno413@juego-02.school.test,Alumno123!,4ESO-2
Alumno 414,alumno414@juego-02.school.test,Alumno123!,4ESO-2
Alumno 415,alumno415@juego-02.school.test,Alumno123!,4ESO-2
Alumno 416,alumno416@juego-02.school.test,Alumno123!,4ESO-2
Alumno 417,alumno417@juego-02.school.test,Alumno123!,4ESO-2
Alumno 418,alumno418@juego-02.school.test,Alumno123!,4ESO-2
Alumno 419,alumno419@juego-02.school.test,Alumno123!,4ESO-2
Alumno 420,alumno420@juego-02.school.test,Alumno123!,4ESO-2
Alumno 421,alumno421@juego-02.school.test,Alumno123!,4ESO-3
Alumno 422,alumno422@juego-02.school.test,Alumno123!,4ESO-3
Alumno 423,alumno423@juego-02.school.test,Alumno123!,4ESO-3
Alumno 424,alumno424@juego-02.school.test,Alumno123!,4ESO-3
Alumno 425,alumno425@juego-02.school.test,Alumno123!,4ESO-3
Alumno 426,alumno426@juego-02.school.test,Alumno123!,4ESO-3
Alumno 427,alumno427@juego-02.school.test,Alumno123!,4ESO-3
Alumno 428,alumno428@juego-02.school.test,Alumno123!,4ESO-3
Alumno 429,alumno429@juego-02.school.test,Alumno123!,4ESO-3
Alumno 430,alumno430@juego-02.school.test,Alumno123!,4ESO-3
Alumno 431,alumno431@juego-02.school.test,Alumno123!,4ESO-3
Alumno 432,alumno432@juego-02.school.test,Alumno123!,4ESO-3
Alumno 433,alumno433@juego-02.school.test,Alumno123!,4ESO-3
Alumno 434,alumno434@juego-02.school.test,Alumno123!,4ESO-3
Alumno 435,alumno435@juego-02.school.test,Alumno123!,4ESO-3
Alumno 436,alumno436@juego-02.school.test,Alumno123!,4ESO-3
Alumno 437,alumno437@juego-02.school.test,Alumno123!,4ESO-3
Alumno 438,alumno438@juego-02.school.test,Alumno123!,4ESO-3
Alumno 439,alumno439@juego-02.school.test,Alumno123!,4ESO-3
Alumno 440,alumno440@juego-02.school.test,Alumno123!,4ESO-3
Alumno 441,alumno441@juego-02.school.test,Alumno123!,4ESO-3
Alumno 442,alumno442@juego-02.school.test,Alumno123!,4ESO-3
Alumno 443,alumno443@juego-02.school.test,Alumno123!,4ESO-3
Alumno 444,alumno444@juego-02.school.test,Alumno123!,4ESO-3
Alumno 445,alumno445@juego-02.school.test,Alumno123!,4ESO-3
Alumno 446,alumno446@juego-02.school.test,Alumno123!,4ESO-3
Alumno 447,alumno447@juego-02.school.test,Alumno123!,4ESO-3
Alumno 448,alumno448@juego-02.school.test,Alumno123!,4ESO-3
Alumno 449,alumno449@juego-02.school.test,Alumno123!,4ESO-3
Alumno 450,alumno450@juego-02.school.test,Alumno123!,4ESO-3
Alumno 451,alumno451@juego-02.school.test,Alumno123!,4ESO-4
Alumno 452,alumno452@juego-02.school.test,Alumno123!,4ESO-4
Alumno 453,alumno453@juego-02.school.test,Alumno123!,4ESO-4
Alumno 454,alumno454@juego-02.school.test,Alumno123!,4ESO-4
Alumno 455,alumno455@juego-02.school.test,Alumno123!,4ESO-4
Alumno 456,alumno456@juego-02.school.test,Alumno123!,4ESO-4
Alumno 457,alumno457@juego-02.school.test,Alumno123!,4ESO-4
Alumno 458,alumno458@juego-02.school.test,Alumno123!,4ESO-4
Alumno 459,alumno459@juego-02.school.test,Alumno123!,4ESO-4
Alumno 460,alumno460@juego-02.school.test,Alumno123!,4ESO-4
Alumno 461,alumno461@juego-02.school.test,Alumno123!,4ESO-4
Alumno 462,alumno462@juego-02.school.test,Alumno123!,4ESO-4
Alumno 463,alumno463@juego-02.school.test,Alumno123!,4ESO-4
Alumno 464,alumno464@juego-02.school.test,Alumno123!,4ESO-4
Alumno 465,alumno465@juego-02.school.test,Alumno123!,4ESO-4
Alumno 466,alumno466@juego-02.school.test,Alumno123!,4ESO-4
Alumno 467,alumno467@juego-02.school.test,Alumno123!,4ESO-4
Alumno 468,alumno468@juego-02.school.test,Alumno123!,4ESO-4
Alumno 469,alumno469@juego-02.school.test,Alumno123!,4ESO-4
Alumno 470,alumno470@juego-02.school.test,Alumno123!,4ESO-4
Alumno 471,alumno471@juego-02.school.test,Alumno123!,4ESO-4
Alumno 472,alumno472@juego-02.school.test,Alumno123!,4ESO-4
Alumno 473,alumno473@juego-02.school.test,Alumno123!,4ESO-4
Alumno 474,alumno474@juego-02.school.test,Alumno123!,4ESO-4
Alumno 475,alumno475@juego-02.school.test,Alumno123!,4ESO-4
Alumno 476,alumno476@juego-02.school.test,Alumno123!,4ESO-4
Alumno 477,alumno477@juego-02.school.test,Alumno123!,4ESO-4
Alumno 478,alumno478@juego-02.school.test,Alumno123!,4ESO-4
Alumno 479,alumno479@juego-02.school.test,Alumno123!,4ESO-4
Alumno 480,alumno480@juego-02.school.test,Alumno123!,4ESO-4
Alumno 481,alumno481@juego-02.school.test,Alumno123!,1BACH-1
Alumno 482,alumno482@juego-02.school.test,Alumno123!,1BACH-1
Alumno 483,alumno483@juego-02.school.test,Alumno123!,1BACH-1
Alumno 484,alumno484@juego-02.school.test,Alumno123!,1BACH-1
Alumno 485,alumno485@juego-02.school.test,Alumno123!,1BACH-1
Alumno 486,alumno486@juego-02.school.test,Alumno123!,1BACH-1
Alumno 487,alumno487@juego-02.school.test,Alumno123!,1BACH-1
Alumno 488,alumno488@juego-02.school.test,Alumno123!,1BACH-1
Alumno 489,alumno489@juego-02.school.test,Alumno123!,1BACH-1
Alumno 490,alumno490@juego-02.school.test,Alumno123!,1BACH-1
Alumno 491,alumno491@juego-02.school.test,Alumno123!,1BACH-1
Alumno 492,alumno492@juego-02.school.test,Alumno123!,1BACH-1
Alumno 493,alumno493@juego-02.school.test,Alumno123!,1BACH-1
Alumno 494,alumno494@juego-02.school.test,Alumno123!,1BACH-1
Alumno 495,alumno495@juego-02.school.test,Alumno123!,1BACH-1
Alumno 496,alumno496@juego-02.school.test,Alumno123!,1BACH-1
Alumno 497,alumno497@juego-02.school.test,Alumno123!,1BACH-1
Alumno 498,alumno498@juego-02.school.test,Alumno123!,1BACH-1
Alumno 499,alumno499@juego-02.school.test,Alumno123!,1BACH-1
Alumno 500,alumno500@juego-02.school.test,Alumno123!,1BACH-1
Alumno 501,alumno501@juego-02.school.test,Alumno123!,1BACH-1
Alumno 502,alumno502@juego-02.school.test,Alumno123!,1BACH-1
Alumno 503,alumno503@juego-02.school.test,Alumno123!,1BACH-1
Alumno 504,alumno504@juego-02.school.test,Alumno123!,1BACH-1
Alumno 505,alumno505@juego-02.school.test,Alumno123!,1BACH-1
Alumno 506,alumno506@juego-02.school.test,Alumno123!,1BACH-1
Alumno 507,alumno507@juego-02.school.test,Alumno123!,1BACH-1
Alumno 508,alumno508@juego-02.school.test,Alumno123!,1BACH-1
Alumno 509,alumno509@juego-02.school.test,Alumno123!,1BACH-1
Alumno 510,alumno510@juego-02.school.test,Alumno123!,1BACH-1
Alumno 511,alumno511@juego-02.school.test,Alumno123!,1BACH-2
Alumno 512,alumno512@juego-02.school.test,Alumno123!,1BACH-2
Alumno 513,alumno513@juego-02.school.test,Alumno123!,1BACH-2
Alumno 514,alumno514@juego-02.school.test,Alumno123!,1BACH-2
Alumno 515,alumno515@juego-02.school.test,Alumno123!,1BACH-2
Alumno 516,alumno516@juego-02.school.test,Alumno123!,1BACH-2
Alumno 517,alumno517@juego-02.school.test,Alumno123!,1BACH-2
Alumno 518,alumno518@juego-02.school.test,Alumno123!,1BACH-2
Alumno 519,alumno519@juego-02.school.test,Alumno123!,1BACH-2
Alumno 520,alumno520@juego-02.school.test,Alumno123!,1BACH-2
Alumno 521,alumno521@juego-02.school.test,Alumno123!,1BACH-2
Alumno 522,alumno522@juego-02.school.test,Alumno123!,1BACH-2
Alumno 523,alumno523@juego-02.school.test,Alumno123!,1BACH-2
Alumno 524,alumno524@juego-02.school.test,Alumno123!,1BACH-2
Alumno 525,alumno525@juego-02.school.test,Alumno123!,1BACH-2
Alumno 526,alumno526@juego-02.school.test,Alumno123!,1BACH-2
Alumno 527,alumno527@juego-02.school.test,Alumno123!,1BACH-2
Alumno 528,alumno528@juego-02.school.test,Alumno123!,1BACH-2
Alumno 529,alumno529@juego-02.school.test,Alumno123!,1BACH-2
Alumno 530,alumno530@juego-02.school.test,Alumno123!,1BACH-2
Alumno 531,alumno531@juego-02.school.test,Alumno123!,1BACH-2
Alumno 532,alumno532@juego-02.school.test,Alumno123!,1BACH-2
Alumno 533,alumno533@juego-02.school.test,Alumno123!,1BACH-2
Alumno 534,alumno534@juego-02.school.test,Alumno123!,1BACH-2
Alumno 535,alumno535@juego-02.school.test,Alumno123!,1BACH-2
Alumno 536,alumno536@juego-02.school.test,Alumno123!,1BACH-2
Alumno 537,alumno537@juego-02.school.test,Alumno123!,1BACH-2
Alumno 538,alumno538@juego-02.school.test,Alumno123!,1BACH-2
Alumno 539,alumno539@juego-02.school.test,Alumno123!,1BACH-2
Alumno 540,alumno540@juego-02.school.test,Alumno123!,1BACH-2
Alumno 541,alumno541@juego-02.school.test,Alumno123!,1BACH-3
Alumno 542,alumno542@juego-02.school.test,Alumno123!,1BACH-3
Alumno 543,alumno543@juego-02.school.test,Alumno123!,1BACH-3
Alumno 544,alumno544@juego-02.school.test,Alumno123!,1BACH-3
Alumno 545,alumno545@juego-02.school.test,Alumno123!,1BACH-3
Alumno 546,alumno546@juego-02.school.test,Alumno123!,1BACH-3
Alumno 547,alumno547@juego-02.school.test,Alumno123!,1BACH-3
Alumno 548,alumno548@juego-02.school.test,Alumno123!,1BACH-3
Alumno 549,alumno549@juego-02.school.test,Alumno123!,1BACH-3
Alumno 550,alumno550@juego-02.school.test,Alumno123!,1BACH-3
Alumno 551,alumno551@juego-02.school.test,Alumno123!,1BACH-3
Alumno 552,alumno552@juego-02.school.test,Alumno123!,1BACH-3
Alumno 553,alumno553@juego-02.school.test,Alumno123!,1BACH-3
Alumno 554,alumno554@juego-02.school.test,Alumno123!,1BACH-3
Alumno 555,alumno555@juego-02.school.test,Alumno123!,1BACH-3
Alumno 556,alumno556@juego-02.school.test,Alumno123!,1BACH-3
Alumno 557,alumno557@juego-02.school.test,Alumno123!,1BACH-3
Alumno 558,alumno558@juego-02.school.test,Alumno123!,1BACH-3
Alumno 559,alumno559@juego-02.school.test,Alumno123!,1BACH-3
Alumno 560,alumno560@juego-02.school.test,Alumno123!,1BACH-3
Alumno 561,alumno561@juego-02.school.test,Alumno123!,1BACH-3
Alumno 562,alumno562@juego-02.school.test,Alumno123!,1BACH-3
Alumno 563,alumno563@juego-02.school.test,Alumno123!,1BACH-3
Alumno 564,alumno564@juego-02.school.test,Alumno123!,1BACH-3
Alumno 565,alumno565@juego-02.school.test,Alumno123!,1BACH-3
Alumno 566,alumno566@juego-02.school.test,Alumno123!,1BACH-3
Alumno 567,alumno567@juego-02.school.test,Alumno123!,1BACH-3
Alumno 568,alumno568@juego-02.school.test,Alumno123!,1BACH-3
Alumno 569,alumno569@juego-02.school.test,Alumno123!,1BACH-3
Alumno 570,alumno570@juego-02.school.test,Alumno123!,1BACH-3
Alumno 571,alumno571@juego-02.school.test,Alumno123!,2BACH-1
Alumno 572,alumno572@juego-02.school.test,Alumno123!,2BACH-1
Alumno 573,alumno573@juego-02.school.test,Alumno123!,2BACH-1
Alumno 574,alumno574@juego-02.school.test,Alumno123!,2BACH-1
Alumno 575,alumno575@juego-02.school.test,Alumno123!,2BACH-1
Alumno 576,alumno576@juego-02.school.test,Alumno123!,2BACH-1
Alumno 577,alumno577@juego-02.school.test,Alumno123!,2BACH-1
Alumno 578,alumno578@juego-02.school.test,Alumno123!,2BACH-1
Alumno 579,alumno579@juego-02.school.test,Alumno123!,2BACH-1
Alumno 580,alumno580@juego-02.school.test,Alumno123!,2BACH-1
Alumno 581,alumno581@juego-02.school.test,Alumno123!,2BACH-1
Alumno 582,alumno582@juego-02.school.test,Alumno123!,2BACH-1
Alumno 583,alumno583@juego-02.school.test,Alumno123!,2BACH-1
Alumno 584,alumno584@juego-02.school.test,Alumno123!,2BACH-1
Alumno 585,alumno585@juego-02.school.test,Alumno123!,2BACH-1
Alumno 586,alumno586@juego-02.school.test,Alumno123!,2BACH-1
Alumno 587,alumno587@juego-02.school.test,Alumno123!,2BACH-1
Alumno 588,alumno588@juego-02.school.test,Alumno123!,2BACH-1
Alumno 589,alumno589@juego-02.school.test,Alumno123!,2BACH-1
Alumno 590,alumno590@juego-02.school.test,Alumno123!,2BACH-1
Alumno 591,alumno591@juego-02.school.test,Alumno123!,2BACH-1
Alumno 592,alumno592@juego-02.school.test,Alumno123!,2BACH-1
Alumno 593,alumno593@juego-02.school.test,Alumno123!,2BACH-1
Alumno 594,alumno594@juego-02.school.test,Alumno123!,2BACH-1
Alumno 595,alumno595@juego-02.school.test,Alumno123!,2BACH-1
Alumno 596,alumno596@juego-02.school.test,Alumno123!,2BACH-1
Alumno 597,alumno597@juego-02.school.test,Alumno123!,2BACH-1
Alumno 598,alumno598@juego-02.school.test,Alumno123!,2BACH-1
Alumno 599,alumno599@juego-02.school.test,Alumno123!,2BACH-1
Alumno 600,alumno600@juego-02.school.test,Alumno123!,2BACH-1
Alumno 601,alumno601@juego-02.school.test,Alumno123!,2BACH-2
Alumno 602,alumno602@juego-02.school.test,Alumno123!,2BACH-2
Alumno 603,alumno603@juego-02.school.test,Alumno123!,2BACH-2
Alumno 604,alumno604@juego-02.school.test,Alumno123!,2BACH-2
Alumno 605,alumno605@juego-02.school.test,Alumno123!,2BACH-2
Alumno 606,alumno606@juego-02.school.test,Alumno123!,2BACH-2
Alumno 607,alumno607@juego-02.school.test,Alumno123!,2BACH-2
Alumno 608,alumno608@juego-02.school.test,Alumno123!,2BACH-2
Alumno 609,alumno609@juego-02.school.test,Alumno123!,2BACH-2
Alumno 610,alumno610@juego-02.school.test,Alumno123!,2BACH-2
Alumno 611,alumno611@juego-02.school.test,Alumno123!,2BACH-2
Alumno 612,alumno612@juego-02.school.test,Alumno123!,2BACH-2
Alumno 613,alumno613@juego-02.school.test,Alumno123!,2BACH-2
Alumno 614,alumno614@juego-02.school.test,Alumno123!,2BACH-2
Alumno 615,alumno615@juego-02.school.test,Alumno123!,2BACH-2
Alumno 616,alumno616@juego-02.school.test,Alumno123!,2BACH-2
Alumno 617,alumno617@juego-02.school.test,Alumno123!,2BACH-2
Alumno 618,alumno618@juego-02.school.test,Alumno123!,2BACH-2
Alumno 619,alumno619@juego-02.school.test,Alumno123!,2BACH-2
Alumno 620,alumno620@juego-02.school.test,Alumno123!,2BACH-2
Alumno 621,alumno621@juego-02.school.test,Alumno123!,2BACH-2
Alumno 622,alumno622@juego-02.school.test,Alumno123!,2BACH-2
Alumno 623,alumno623@juego-02.school.test,Alumno123!,2BACH-2
Alumno 624,alumno624@juego-02.school.test,Alumno123!,2BACH-2
Alumno 625,alumno625@juego-02.school.test,Alumno123!,2BACH-2
Alumno 626,alumno626@juego-02.school.test,Alumno123!,2BACH-2
Alumno 627,alumno627@juego-02.school.test,Alumno123!,2BACH-2
Alumno 628,alumno628@juego-02.school.test,Alumno123!,2BACH-2
Alumno 629,alumno629@juego-02.school.test,Alumno123!,2BACH-2
Alumno 630,alumno630@juego-02.school.test,Alumno123!,2BACH-2
Alumno 631,alumno631@juego-02.school.test,Alumno123!,2BACH-3
Alumno 632,alumno632@juego-02.school.test,Alumno123!,2BACH-3
Alumno 633,alumno633@juego-02.school.test,Alumno123!,2BACH-3
Alumno 634,alumno634@juego-02.school.test,Alumno123!,2BACH-3
Alumno 635,alumno635@juego-02.school.test,Alumno123!,2BACH-3
Alumno 636,alumno636@juego-02.school.test,Alumno123!,2BACH-3
Alumno 637,alumno637@juego-02.school.test,Alumno123!,2BACH-3
Alumno 638,alumno638@juego-02.school.test,Alumno123!,2BACH-3
Alumno 639,alumno639@juego-02.school.test,Alumno123!,2BACH-3
Alumno 640,alumno640@juego-02.school.test,Alumno123!,2BACH-3
Alumno 641,alumno641@juego-02.school.test,Alumno123!,2BACH-3
Alumno 642,alumno642@juego-02.school.test,Alumno123!,2BACH-3
Alumno 643,alumno643@juego-02.school.test,Alumno123!,2BACH-3
Alumno 644,alumno644@juego-02.school.test,Alumno123!,2BACH-3
Alumno 645,alumno645@juego-02.school.test,Alumno123!,2BACH-3
Alumno 646,alumno646@juego-02.school.test,Alumno123!,2BACH-3
Alumno 647,alumno647@juego-02.school.test,Alumno123!,2BACH-3
Alumno 648,alumno648@juego-02.school.test,Alumno123!,2BACH-3
Alumno 649,alumno649@juego-02.school.test,Alumno123!,2BACH-3
Alumno 650,alumno650@juego-02.school.test,Alumno123!,2BACH-3
Alumno 651,alumno651@juego-02.school.test,Alumno123!,2BACH-3
Alumno 652,alumno652@juego-02.school.test,Alumno123!,2BACH-3
Alumno 653,alumno653@juego-02.school.test,Alumno123!,2BACH-3
Alumno 654,alumno654@juego-02.school.test,Alumno123!,2BACH-3
Alumno 655,alumno655@juego-02.school.test,Alumno123!,2BACH-3
Alumno 656,alumno656@juego-02.school.test,Alumno123!,2BACH-3
Alumno 657,alumno657@juego-02.school.test,Alumno123!,2BACH-3
Alumno 658,alumno658@juego-02.school.test,Alumno123!,2BACH-3
Alumno 659,alumno659@juego-02.school.test,Alumno123!,2BACH-3
Alumno 660,alumno660@juego-02.school.test,Alumno123!,2BACH-3
